<?xml version="1.0" encoding="UTF-8"?>
<endpoint name="ViewProduct" xmlns="http://ws.apache.org/ns/synapse">
    <http method="get" uri-template="http://localhost:5001/api/product/{uri.var.pid}">
        <suspendOnFailure>
            <initialDuration>-1</initialDuration>
            <progressionFactor>1.0</progressionFactor>
        </suspendOnFailure>
        <markForSuspension>
            <retriesBeforeSuspension>0</retriesBeforeSuspension>
        </markForSuspension>
    </http>
</endpoint>
